C:\Users\ashutosh\project.nlp,SimpleApp_Scenario_Iteration1
C:\Users\ashutosh\project.nlp,SimpleApp_Scenario_Iteration1
C:\Users\ashutosh\project.nlp,SimpleApp_Scenario_Iteration1
C:\Users\ashutosh\project.nlp,SimpleApp_Scenario_Iteration1
C:\Users\ashutosh\project.nlp,SimpleApp_Scenario_Iteration1
C:\Users\ashutosh\project.nlp,SimpleApp_Scenario_Iteration1
C:\Users\ashutosh\project.nlp,SimpleApp_Scenario_Iteration1
C:\Users\ashutosh\project.nlp,SimpleApp_Scenario_Iteration1
C:\Users\ashutosh\project.nlp,SimpleApp_Scenario_Iteration1
C:\Users\ashutosh\project.nlp,SimpleApp_Scenario_Iteration1
C:\Users\ashutosh\project.nlp,SimpleApp_Scenario_Iteration1
C:\Users\ashutosh\project.nlp,SimpleApp_Scenario_Iteration1
C:\Users\ashutosh\project.nlp,SimpleApp_Scenario_Iteration1
C:\Users\ashutosh\project.nlp,SimpleApp_Scenario_Iteration1
C:\Users\ashutosh\project.nlp,SimpleApp_Scenario_Iteration1
C:\Users\ashutosh\project.nlp,SimpleApp_Scenario_Iteration1
C:\Users\ashutosh\project.nlp,SimpleApp_Scenario_Iteration1
C:\Users\ashutosh\project.nlp,SimpleApp_Scenario_Iteration1
C:\Users\ashutosh\project.nlp,SimpleApp_Scenario_Iteration1
C:\Users\ashutosh\project.nlp,SimpleApp_Scenario_Iteration1
C:\Users\ashutosh\project.nlp,SimpleApp_Scenario_Iteration1
C:\Users\ashutosh\project.nlp,SimpleApp_Scenario_Iteration1
C:\Users\ashutosh\project.nlp,SimpleApp_Scenario_Iteration1
C:\Users\ashutosh\project.nlp,SimpleApp_Scenario_Iteration1
C:\Users\ashutosh\project.nlp,SimpleApp_Scenario_Iteration1
C:\Users\ashutosh\project.nlp,SimpleApp_Scenario_Iteration1
C:\Users\ashutosh\project.nlp,SimpleApp_Scenario_Iteration1
C:\Users\ashutosh\project.nlp,SimpleApp_Scenario_Iteration1
C:\Users\ashutosh\project.nlp,SimpleApp_Scenario_Iteration1
C:\Users\ashutosh\project.nlp,SimpleApp_Scenario_Iteration1
C:\Users\ashutosh\project.nlp,SimpleApp_Scenario_Iteration1
C:\Users\ashutosh\project.nlp,SimpleApp_Scenario_Iteration1
C:\Users\ashutosh\project.nlp,SimpleApp_Scenario_Iteration1
C:\Users\ashutosh\project.nlp,SimpleApp_Scenario_Iteration1
C:\Users\ashutosh\project.nlp,SimpleApp_Scenario_Iteration1
C:\Users\ashutosh\project.nlp,SimpleApp_Scenario_Iteration1
C:\Users\ashutosh\project.nlp,SimpleApp_Scenario_Iteration1
C:\Users\ashutosh\project.nlp,SimpleApp_Scenario_Iteration1
C:\Users\ashutosh\project.nlp,SimpleApp_Scenario_Iteration1
C:\Users\ashutosh\project.nlp,SimpleApp_Scenario_Iteration1
C:\Users\ashutosh\project.nlp,SimpleApp_Scenario_Iteration1
C:\Users\ashutosh\project.nlp,SimpleApp_Scenario_Iteration1
C:\Users\ashutosh\project.nlp,SimpleApp_Scenario_Iteration1
C:\Users\ashutosh\project.nlp,SimpleApp_Scenario_Iteration1
C:\Users\ashutosh\project.nlp,SimpleApp_Scenario_Iteration1
C:\Users\ashutosh\project.nlp,SimpleApp_Scenario_Iteration1
C:\Users\ashutosh\project.nlp,SimpleApp_Scenario_Iteration1
C:\Users\ashutosh\project.nlp,SimpleApp_Scenario_Iteration1
C:\Users\ashutosh\project.nlp,SimpleApp_Scenario_Iteration1
C:\Users\ashutosh\project.nlp,SimpleApp_Scenario_Iteration1
C:\Users\ashutosh\project.nlp,SimpleApp_Scenario_Iteration1
C:\Users\ashutosh\project.nlp,SimpleApp_Scenario_Iteration1
C:\Users\ashutosh\project.nlp,SimpleApp_Scenario_Iteration1
C:\Users\ashutosh\project.nlp,SimpleApp_Scenario_Iteration1
C:\Users\ashutosh\project.nlp,SimpleApp_Scenario_Iteration1
C:\Users\ashutosh\project.nlp,SimpleApp_Scenario_Iteration1
C:\Users\ashutosh\project.nlp,SimpleApp_Scenario_Iteration1
C:\Users\ashutosh\project.nlp,SimpleApp_Scenario_Iteration1
C:\Users\ashutosh\project.nlp,SimpleApp_Scenario_Iteration1
C:\Users\ashutosh\project.nlp,SimpleApp_Scenario_Iteration1
C:\Users\ashutosh\project.nlp,SimpleApp_Scenario_Iteration1
C:\Users\ashutosh\project.nlp,SimpleApp_Scenario_Iteration1
C:\Users\ashutosh\project.nlp,SimpleApp_Scenario_Iteration1
C:\Users\ashutosh\project.nlp,SimpleApp_Scenario_Iteration1
C:\Users\ashutosh\project.nlp,SimpleApp_Scenario_Iteration1
C:\Users\ashutosh\project.nlp,SimpleApp_Scenario_Iteration1
C:\Users\ashutosh\project.nlp,SimpleApp_Scenario_Iteration1
C:\Users\ashutosh\project.nlp,SimpleApp_Scenario_Iteration1
C:\Users\ashutosh\project.nlp,SimpleApp_Scenario_Iteration1
C:\Users\ashutosh\project.nlp,SimpleApp_Scenario_Iteration1
C:\Users\ashutosh\project.nlp,SimpleApp_Scenario_Iteration1
C:\Users\ashutosh\project.nlp,SimpleApp_Scenario_Iteration1
C:\Users\ashutosh\project.nlp,SimpleApp_Scenario_Iteration1
C:\Users\ashutosh\project.nlp,SimpleApp_Scenario_Iteration1
C:\Users\ashutosh\project.nlp,SimpleApp_Scenario_Iteration1
C:\Users\ashutosh\project.nlp,SimpleApp_Scenario_Iteration1
C:\Users\ashutosh\project.nlp,SimpleApp_Scenario_Iteration1
C:\Users\ashutosh\project.nlp,SimpleApp_Scenario_Iteration1
C:\Users\ashutosh\project.nlp,SimpleApp_Scenario_Iteration1
C:\Users\ashutosh\project.nlp,SimpleApp_Scenario_Iteration1
C:\Users\ashutosh\project.nlp,SimpleApp_Scenario_Iteration1
C:\Users\ashutosh\project.nlp,SimpleApp_Scenario_Iteration1
C:\Users\ashutosh\project.nlp,SimpleApp_Scenario_Iteration1
C:\Users\ashutosh\project.nlp,SimpleApp_Scenario_Iteration1
C:\Users\ashutosh\project.nlp,SimpleApp_Scenario_Iteration1
C:\Users\ashutosh\project.nlp,SimpleApp_Scenario_Iteration1
C:\Users\ashutosh\project.nlp,SimpleApp_Scenario_Iteration1
C:\Users\ashutosh\project.nlp,SimpleApp_Scenario_Iteration1
C:\Users\ashutosh\project.nlp,SimpleApp_Scenario_Iteration1
C:\Users\ashutosh\project.nlp,SimpleApp_Scenario_Iteration1
C:\Users\ashutosh\project.nlp,SimpleApp_Scenario_Iteration1
C:\Users\ashutosh\project.nlp,SimpleApp_Scenario_Iteration1
C:\Users\ashutosh\project.nlp,SimpleApp_Scenario_Iteration1
C:\Users\ashutosh\project.nlp,SimpleApp_Scenario_Iteration1
C:\Users\ashutosh\project.nlp,SimpleApp_Scenario_Iteration1
C:\Users\ashutosh\project.nlp,SimpleApp_Scenario_Iteration1
C:\Users\ashutosh\project.nlp,SimpleApp_Scenario_Iteration1
C:\Users\ashutosh\project.nlp,SimpleApp_Scenario_Iteration1
C:\Users\ashutosh\project.nlp,SimpleApp_Scenario_Iteration1
C:\Users\ashutosh\project.nlp,SimpleApp_Scenario_Iteration1
C:\Users\ashutosh\project.nlp,SimpleApp_Scenario_Iteration1
C:\Users\ashutosh\project.nlp,SimpleApp_Scenario_Iteration1
C:\Users\ashutosh\project.nlp,SimpleApp_Scenario_Iteration1
C:\Users\ashutosh\project.nlp,SimpleApp_Scenario_Iteration1
C:\Users\ashutosh\project.nlp,SimpleApp_Scenario_Iteration1
C:\Users\ashutosh\project.nlp,SimpleApp_Scenario_Iteration1
C:\Users\ashutosh\project.nlp,SimpleApp_Scenario_Iteration1
C:\Users\ashutosh\project.nlp,SimpleApp_Scenario_Iteration1
C:\Users\ashutosh\project.nlp,SimpleApp_Scenario_Iteration1
C:\Users\ashutosh\project.nlp,SimpleApp_Scenario_Iteration1
C:\Users\ashutosh\project.nlp,SimpleApp_Scenario_Iteration1
C:\Users\ashutosh\project.nlp,SimpleApp_Scenario_Iteration1
C:\Users\ashutosh\project.nlp,SimpleApp_Scenario_Iteration1
C:\Users\ashutosh\project.nlp,SimpleApp_Scenario_Iteration1
C:\Users\ashutosh\project.nlp,SimpleApp_Scenario_Iteration1
C:\Users\ashutosh\project.nlp,SimpleApp_Scenario_Iteration1
C:\Users\ashutosh\project.nlp,SimpleApp_Scenario_Iteration1
C:\Users\ashutosh\project.nlp,SimpleApp_Scenario_Iteration1
C:\Users\ashutosh\project.nlp,SimpleApp_Scenario_Iteration1
C:\Users\ashutosh\project.nlp,SimpleApp_Scenario_Iteration1
C:\Users\ashutosh\project.nlp,SimpleApp_Scenario_Iteration1
C:\Users\ashutosh\project.nlp,SimpleApp_Scenario_Iteration1
C:\Users\ashutosh\project.nlp,SimpleApp_Scenario_Iteration1
C:\Users\ashutosh\project.nlp,SimpleApp_Scenario_Iteration1
C:\Users\ashutosh\project.nlp,SimpleApp_Scenario_Iteration1
C:\Users\ashutosh\project.nlp,SimpleApp_Scenario_Iteration1
C:\Users\ashutosh\project.nlp,SimpleApp_Scenario_Iteration1
C:\Users\ashutosh\project.nlp,SimpleApp_Scenario_Iteration1
C:\Users\ashutosh\project.nlp,SimpleApp_Scenario_Iteration1
C:\Users\ashutosh\project.nlp,SimpleApp_Scenario_Iteration1
C:\Users\ashutosh\project.nlp,SimpleApp_Scenario_Iteration1
C:\Users\ashutosh\project.nlp,SimpleApp_Scenario_Iteration1
C:\Users\ashutosh\project.nlp,SimpleApp_Scenario_Iteration1
C:\Users\ashutosh\project.nlp,SimpleApp_Scenario_Iteration1
C:\Users\ashutosh\project.nlp,SimpleApp_Scenario_Iteration1
C:\Users\ashutosh\project.nlp,SimpleApp_Scenario_Iteration1
C:\Users\ashutosh\project.nlp,SimpleApp_Scenario_Iteration1
C:\Users\ashutosh\project.nlp,SimpleApp_Scenario_Iteration1
C:\Users\ashutosh\project.nlp,SimpleApp_Scenario_Iteration1
C:\Users\ashutosh\project.nlp,SimpleApp_Scenario_Iteration1
C:\Users\ashutosh\project.nlp,SimpleApp_Scenario_Iteration1
C:\Users\ashutosh\project.nlp,SimpleApp_Scenario_Iteration1
C:\Users\ashutosh\project.nlp,SimpleApp_Scenario_Iteration1
C:\Users\ashutosh\project.nlp,SimpleApp_Scenario_Iteration1
C:\Users\ashutosh\project.nlp,SimpleApp_Scenario_Iteration1
C:\Users\ashutosh\project.nlp,SimpleApp_Scenario_Iteration1
C:\Users\ashutosh\project.nlp,SimpleApp_Scenario_Iteration1
C:\Users\ashutosh\project.nlp,SimpleApp_Scenario_Iteration1
C:\Users\ashutosh\project.nlp,SimpleApp_Scenario_Iteration1
C:\Users\ashutosh\project.nlp,SimpleApp_Scenario_Iteration1
C:\Users\ashutosh\project.nlp,SimpleApp_Scenario_Iteration1
C:\Users\ashutosh\project.nlp,SimpleApp_Scenario_Iteration1
C:\Users\ashutosh\project.nlp,SimpleApp_Scenario_Iteration1
C:\Users\ashutosh\project.nlp,SimpleApp_Scenario_Iteration1
C:\Users\ashutosh\project.nlp,SimpleApp_Scenario_Iteration1
C:\Users\ashutosh\project.nlp,SimpleApp_Scenario_Iteration1
C:\Users\ashutosh\project.nlp,SimpleApp_Scenario_Iteration1
C:\Users\ashutosh\project.nlp,SimpleApp_Scenario_Iteration1
C:\Users\ashutosh\project.nlp,SimpleApp_Scenario_Iteration1
C:\Users\ashutosh\project.nlp,SimpleApp_Scenario_Iteration1
C:\Users\ashutosh\project.nlp,SimpleApp_Scenario_Iteration1
C:\Users\ashutosh\project.nlp,SimpleApp_Scenario_Iteration1
C:\Users\ashutosh\project.nlp,SimpleApp_Scenario_Iteration1
C:\Users\ashutosh\project.nlp,SimpleApp_Scenario_Iteration1
C:\Users\ashutosh\project.nlp,SimpleApp_Scenario_Iteration1
C:\Users\ashutosh\project.nlp,SimpleApp_Scenario_Iteration1
C:\Users\ashutosh\project.nlp,SimpleApp_Scenario_Iteration1
C:\Users\ashutosh\project.nlp,SimpleApp_Scenario_Iteration1
C:\Users\ashutosh\project.nlp,SimpleApp_Scenario_Iteration1
C:\Users\ashutosh\project.nlp,SimpleApp_Scenario_Iteration1
C:\Users\ashutosh\project.nlp,SimpleApp_Scenario_Iteration1
C:\Users\ashutosh\project.nlp,SimpleApp_Scenario_Iteration1
C:\Users\ashutosh\project.nlp,SimpleApp_Scenario_Iteration1
C:\Users\ashutosh\project.nlp,SimpleApp_Scenario_Iteration1
C:\Users\ashutosh\project.nlp,SimpleApp_Scenario_Iteration1
C:\Users\ashutosh\project.nlp,SimpleApp_Scenario_Iteration1
C:\Users\ashutosh\project.nlp,SimpleApp_Scenario_Iteration1
C:\Users\ashutosh\project.nlp,SimpleApp_Scenario_Iteration1
C:\Users\ashutosh\project.nlp,SimpleApp_Scenario_Iteration1
C:\Users\ashutosh\project.nlp,SimpleApp_Scenario_Iteration1
C:\Users\ashutosh\project.nlp,SimpleApp_Scenario_Iteration1
C:\Users\ashutosh\project.nlp,SimpleApp_Scenario_Iteration1
C:\Users\ashutosh\project.nlp,SimpleApp_Scenario_Iteration1
C:\Users\ashutosh\project.nlp,SimpleApp_Scenario_Iteration1
C:\Users\ashutosh\project.nlp,SimpleApp_Scenario_Iteration1
C:\Users\ashutosh\project.nlp,SimpleApp_Scenario_Iteration1
C:\Users\ashutosh\project.nlp,SimpleApp_Scenario_Iteration1
C:\Users\ashutosh\project.nlp,SimpleApp_Scenario_Iteration1
C:\Users\ashutosh\project.nlp,SimpleApp_Scenario_Iteration1
C:\Users\ashutosh\project.nlp,SimpleApp_Scenario_Iteration1
C:\Users\ashutosh\project.nlp,SimpleApp_Scenario_Iteration1
C:\Users\ashutosh\project.nlp,SimpleApp_Scenario_Iteration1
C:\Users\ashutosh\project.nlp,SimpleApp_Scenario_Iteration1
C:\Users\ashutosh\project.nlp,SimpleApp_Scenario_Iteration1
C:\Users\ashutosh\project.nlp,SimpleApp_Scenario_Iteration1
C:\Users\ashutosh\project.nlp,SimpleApp_Scenario_Iteration1
C:\Users\ashutosh\project.nlp,SimpleApp_Scenario_Iteration1
C:\Users\ashutosh\project.nlp,SimpleApp_Scenario_Iteration1
C:\Users\ashutosh\project.nlp,SimpleApp_Scenario_Iteration1
C:\Users\ashutosh\project.nlp,SimpleApp_Scenario_Iteration1
C:\Users\ashutosh\project.nlp,SimpleApp_Scenario_Iteration1
C:\Users\ashutosh\project.nlp,SimpleApp_Scenario_Iteration1
C:\Users\ashutosh\project.nlp,SimpleApp_Scenario_Iteration1
C:\Users\ashutosh\project.nlp,SimpleApp_Scenario_Iteration1
C:\Users\ashutosh\project.nlp,SimpleApp_Scenario_Iteration1
C:\Users\ashutosh\project.nlp,SimpleApp_Scenario_Iteration1
C:\Users\ashutosh\project.nlp,SimpleApp_Scenario_Iteration1
C:\Users\ashutosh\project.nlp,SimpleApp_Scenario_Iteration1
C:\Users\ashutosh\project.nlp,SimpleApp_Scenario_Iteration1
C:\Users\ashutosh\project.nlp,SimpleApp_Scenario_Iteration1
C:\Users\ashutosh\project.nlp,SimpleApp_Scenario_Iteration1
C:\Users\ashutosh\project.nlp,SimpleApp_Scenario_Iteration1
C:\Users\ashutosh\project.nlp,SimpleApp_Scenario_Iteration1
C:\Users\ashutosh\project.nlp,SimpleApp_Scenario_Iteration1
C:\Users\ashutosh\project.nlp,SimpleApp_Scenario_Iteration1
C:\Users\ashutosh\project.nlp,SimpleApp_Scenario_Iteration1
C:\Users\ashutosh\project.nlp,SimpleApp_Scenario_Iteration1
C:\Users\ashutosh\project.nlp,SimpleApp_Scenario_Iteration1
C:\Users\ashutosh\project.nlp,SimpleApp_Scenario_Iteration1
C:\Users\ashutosh\project.nlp,SimpleApp_Scenario_Iteration1
C:\Users\ashutosh\project.nlp,SimpleApp_Scenario_Iteration1
C:\Users\ashutosh\project.nlp,SimpleApp_Scenario_Iteration1
C:\Users\ashutosh\project.nlp,SimpleApp_Scenario_Iteration1
C:\Users\ashutosh\project.nlp,SimpleApp_Scenario_Iteration1
C:\Users\ashutosh\project.nlp,SimpleApp_Scenario_Iteration1
C:\Users\ashutosh\project.nlp,SimpleApp_Scenario_Iteration1
C:\Users\ashutosh\project.nlp,SimpleApp_Scenario_Iteration1
C:\Users\ashutosh\project.nlp,SimpleApp_Scenario_Iteration1
C:\Users\ashutosh\project.nlp,SimpleApp_Scenario_Iteration1
C:\Users\ashutosh\project.nlp,SimpleApp_Scenario_Iteration1
C:\Users\ashutosh\project.nlp,SimpleApp_Scenario_Iteration1
C:\Users\ashutosh\project.nlp,SimpleApp_Scenario_Iteration1
C:\Users\ashutosh\project.nlp,SimpleApp_Scenario_Iteration1
C:\Users\ashutosh\project.nlp,SimpleApp_Scenario_Iteration1
C:\Users\ashutosh\project.nlp,SimpleApp_Scenario_Iteration1
C:\Users\ashutosh\project.nlp,SimpleApp_Scenario_Iteration1
C:\Users\ashutosh\project.nlp,SimpleApp_Scenario_Iteration1
C:\Users\ashutosh\project.nlp,SimpleApp_Scenario_Iteration1
C:\Users\ashutosh\project.nlp,SimpleApp_Scenario_Iteration1
C:\Users\ashutosh\project.nlp,SimpleApp_Scenario_Iteration1
C:\Users\ashutosh\project.nlp,SimpleApp_Scenario_Iteration1
C:\Users\ashutosh\project.nlp,SimpleApp_Scenario_Iteration1
C:\Users\ashutosh\project.nlp,SimpleApp_Scenario_Iteration1
C:\Users\ashutosh\project.nlp,SimpleApp_Scenario_Iteration1
C:\Users\ashutosh\project.nlp,SimpleApp_Scenario_Iteration1
C:\Users\ashutosh\project.nlp,SimpleApp_Scenario_Iteration1
C:\Users\ashutosh\project.nlp,SimpleApp_Scenario_Iteration1
C:\Users\ashutosh\project.nlp,SimpleApp_Scenario_Iteration1
C:\Users\ashutosh\project.nlp,SimpleApp_Scenario_Iteration1
C:\Users\ashutosh\project.nlp,SimpleApp_Scenario_Iteration1
C:\Users\ashutosh\project.nlp,SimpleApp_Scenario_Iteration1
C:\Users\ashutosh\project.nlp,SimpleApp_Scenario_Iteration1
C:\Users\ashutosh\project.nlp,SimpleApp_Scenario_Iteration1
C:\Users\ashutosh\project.nlp,SimpleApp_Scenario_Iteration1
C:\Users\ashutosh\project.nlp,SimpleApp_Scenario_Iteration1
C:\Users\ashutosh\project.nlp,SimpleApp_Scenario_Iteration1
C:\Users\ashutosh\project.nlp,SimpleApp_Scenario_Iteration1
C:\Users\ashutosh\project.nlp,SimpleApp_Scenario_Iteration1
C:\Users\ashutosh\project.nlp,SimpleApp_Scenario_Iteration1
C:\Users\ashutosh\project.nlp,SimpleApp_Scenario_Iteration1
C:\Users\ashutosh\project.nlp,SimpleApp_Scenario_Iteration1
C:\Users\ashutosh\project.nlp,SimpleApp_Scenario_Iteration1
C:\Users\ashutosh\project.nlp,SimpleApp_Scenario_Iteration1
C:\Users\ashutosh\project.nlp,SimpleApp_Scenario_Iteration1
C:\Users\ashutosh\project.nlp,SimpleApp_Scenario_Iteration1
C:\Users\ashutosh\project.nlp,SimpleApp_Scenario_Iteration1
C:\Users\ashutosh\project.nlp,SimpleApp_Scenario_Iteration1
C:\Users\ashutosh\project.nlp,SimpleApp_Scenario_Iteration1
C:\Users\ashutosh\project.nlp,SimpleApp_Scenario_Iteration1
C:\Users\ashutosh\project.nlp,SimpleApp_Scenario_Iteration1
C:\Users\ashutosh\project.nlp,SimpleApp_Scenario_Iteration1
C:\Users\ashutosh\project.nlp,SimpleApp_Scenario_Iteration1
C:\Users\ashutosh\project.nlp,SimpleApp_Scenario_Iteration1
C:\Users\ashutosh\project.nlp,SimpleApp_Scenario_Iteration1
C:\Users\ashutosh\project.nlp,SimpleApp_Scenario_Iteration1
C:\Users\ashutosh\project.nlp,SimpleApp_Scenario_Iteration1
C:\Users\ashutosh\project.nlp,SimpleApp_Scenario_Iteration1
C:\Users\ashutosh\project.nlp,SimpleApp_Scenario_Iteration1
C:\Users\ashutosh\project.nlp,SimpleApp_Scenario_Iteration1
C:\Users\ashutosh\project.nlp,SimpleApp_Scenario_Iteration1
C:\Users\ashutosh\project.nlp,SimpleApp_Scenario_Iteration1
C:\Users\ashutosh\project.nlp,SimpleApp_Scenario_Iteration1
C:\Users\ashutosh\project.nlp,SimpleApp_Scenario_Iteration1
C:\Users\ashutosh\project.nlp,SimpleApp_Scenario_Iteration1
C:\Users\ashutosh\project.nlp,SimpleApp_Scenario_Iteration1
C:\Users\ashutosh\project.nlp,SimpleApp_Scenario_Iteration1
C:\Users\ashutosh\project.nlp,SimpleApp_Scenario_Iteration1
C:\Users\ashutosh\project.nlp,SimpleApp_Scenario_Iteration1
